id_customer,first_name,last_name,email,creation_date,update_time
174,Berti,Marciskewski,bmarciskewskin4@google.co.uk,04-May-22,2022-06-19T04:23:00Z
879,Fee,Arminger,farminger72@google.nl,17-May-22,2022-06-19T11:04:00Z
1528,Rafaela,Tennant,rtennant7z@gmpg.org,27-May-22,2022-06-19T13:51:00Z
1379,Taddeo,Segeswoeth,tsegeswoeth2g@naver.com,25-May-22,2022-06-19T16:49:00Z
1144,Midge,Trotton,mtrottonkk@usa.gov,21-May-22,2022-06-19T20:05:00Z
390,Boothe,Sergeant,bsergeantgk@smh.com.au,08-May-22,2022-06-19T21:35:00Z
611,Gayleen,Goscar,ggoscar87@cloudflare.com,12-May-22,2022-06-19T22:31:00Z