id_customer,first_name,last_name,email,creation_date,update_time
182,Brien,Prevost,bprevost63@washington.edu,04-May-22,2022-06-23T00:23:00Z
642,Lammond,Meaney,lmeaney6i@youtube.com,12-May-22,2022-06-23T00:33:00Z
1273,Felike,Fynan,ffynanm2@toplist.cz,23-May-22,2022-06-23T02:56:00Z
648,Loralyn,Brolechan,lbrolechan9q@theatlantic.com,13-May-22,2022-06-23T17:42:00Z
326,Rakel,Berntsson,rberntsson9a@pcworld.com,07-May-22,2022-06-23T20:07:00Z
859,Kristopher,Goundrill,kgoundrillnr@utexas.edu,16-May-22,2022-06-23T23:41:00Z