id_customer,first_name,last_name,email,creation_date,update_time
1514,Nicolle,Marvell,nmarvellhl@google.nl,27-May-22,2022-06-21T00:34:00Z
1236,Carlie,Defew,cdefewbi@opensource.org,22-May-22,2022-06-21T03:50:00Z
935,Erda,Bierling,ebierlingbd@mlb.com,18-May-22,2022-06-21T05:26:00Z
1092,Georg,Brotherick,gbrotherickl7@comcast.net,20-May-22,2022-06-21T07:33:00Z
445,Irving,Brecknall,ibrecknallgv@unicef.org,09-May-22,2022-06-21T12:09:00Z
609,Garland,Espie,gespiekb@google.co.uk,12-May-22,2022-06-21T12:52:00Z
13,Lin,Trudgeon,ltrudgeon5r@tamu.edu,01-May-22,2022-06-21T13:01:00Z